<?xml version="1.0" encoding="UTF-8"?>
<!DOCTYPE suite SYSTEM "https://testng.org/testng-1.0.dtd">
<suite name="Suite" thread-count="5" parallel="tests">

	<listeners>
  		<listener class-name="utilities.ExtentReportManager"/>
   	</listeners>
   	
  <test  name="ChromeTest">
  
  	<parameter name="OS" value="Window"/>
  	<parameter name="Browser" value="chrome"/>
  	
    <classes>
      <class name="testCases.TC001_AccountRegistrationTest"/>
    </classes>
  </test> <!-- Test -->
  
  <test  name="FirefoxTest">
  
  	<parameter name="OS" value="Window"/>
  	<parameter name="Browser" value="firefox"/>
  	
    <classes>
      <class name="testCases.TC001_AccountRegistrationTest"/>
    </classes>
  </test>
  
  <test  name="EdgeTest">
  
  	<parameter name="OS" value="Window"/>
  	<parameter name="Browser" value="edge"/>
  	
    <classes>
      <class name="testCases.TC001_AccountRegistrationTest"/>
    </classes>
  </test>
</suite> <!-- Suite -->
