<?xml version="1.0" encoding="UTF-8"?>
<!DOCTYPE suite SYSTEM "https://testng.org/testng-1.0.dtd">

<suite name="Suite" thread-count="5">

	<listeners>
  		<listener class-name="utilities.ExtentReportManager"/>
   	</listeners>
   	
  <test name="Linux-Chrome">
  
  	<parameter name="OS" value="linux"/>
  	<parameter name="Browser" value="chrome"/>
  	
    <classes>
      <class name="testCases.TC001_AccountRegistrationTest"/>
      <class name="testCases.TC002_LoginTest"/>
      <!--<class name="testCases.TC003_LoginDDt"/>-->
    </classes>
  </test> <!-- Test -->
  
  <test name="Linux-Firefox">
  
  	<parameter name="OS" value="linux"/>
  	<parameter name="Browser" value="firefox"/>
  	
    <classes>
      <class name="testCases.TC001_AccountRegistrationTest"/>
      <class name="testCases.TC002_LoginTest"/>
      <!--<class name="testCases.TC003_LoginDDt"/>-->
    </classes>
  </test>
</suite> <!-- Suite -->
