<?xml version="1.0" encoding="UTF-8"?>
<!DOCTYPE suite SYSTEM "https://testng.org/testng-1.0.dtd">
<suite name="Master Suite">
  
  
  	<listeners>
  		<listener class-name="utilities.ExtentReportManager"/>
   	</listeners>
  	
  	<test thread-count="5" name="Test">
  	<parameter name="OS" value="Windows"/>
  	<parameter name="Browser" value="chrome"/>
  	
    <classes>
      <class name="testCases.TC001_AccountRegistrationTest"/>
      <!--<class name="testCases.TC002_LoginTest"/>-->
      <!--<class name="testCases.TC003_LoginDDt"/>-->
    </classes>
  </test> <!-- Test -->
</suite> <!-- Suite -->
